profile_id,record_type,release,tool_id,tool_name,process_name,signers,software_role,ioc_names,expected_rows,release_digest
000001:anydesk,profile,000001,anydesk,AnyDesk,anydesk,;anydesk software gmbh;philandro software gmbh;,rmm,;anydesk;,41,777b4b850bbefe48c89c96892901d884e73c0371257c4701db214da6e110bd08
000001:anydesk.exe,profile,000001,anydesk,AnyDesk,anydesk.exe,;anydesk software gmbh;philandro software gmbh;,rmm,;anydesk;,41,777b4b850bbefe48c89c96892901d884e73c0371257c4701db214da6e110bd08
000001:awesun.exe,profile,000001,aweray,AweRay / AweSun,awesun.exe,;;,rmm,;aweray;,41,777b4b850bbefe48c89c96892901d884e73c0371257c4701db214da6e110bd08
000001:chrome-remote-desktop-host,profile,000001,chrome-remote-desktop,Chrome Remote Desktop,chrome-remote-desktop-host,;google llc;,rmm,;chrome remote desktop;,41,777b4b850bbefe48c89c96892901d884e73c0371257c4701db214da6e110bd08
000001:dcagentregister.exe,profile,000001,endpoint-central,ManageEngine Endpoint Central,dcagentregister.exe,;zoho corporation private limited;,management,;manage engine (desktop central);manageengine;,41,777b4b850bbefe48c89c96892901d884e73c0371257c4701db214da6e110bd08
000001:dcagentservice.exe,profile,000001,endpoint-central,ManageEngine Endpoint Central,dcagentservice.exe,;zoho corporation private limited;,management,;manage engine (desktop central);manageengine;,41,777b4b850bbefe48c89c96892901d884e73c0371257c4701db214da6e110bd08
000001:meagenthelper.exe,profile,000001,site24x7,Site24x7,meagenthelper.exe,;zoho corporation private limited;,management,;site24x7;,41,777b4b850bbefe48c89c96892901d884e73c0371257c4701db214da6e110bd08
000001:monitoringagent.exe,profile,000001,site24x7,Site24x7,monitoringagent.exe,;zoho corporation private limited;,management,;site24x7;,41,777b4b850bbefe48c89c96892901d884e73c0371257c4701db214da6e110bd08
000001:orayremoteservice.exe,profile,000001,sunlogin,SunLogin,orayremoteservice.exe,";shanghai best oray information technology co., ltd.;上海贝锐信息科技股份有限公司;",rmm,;sunlogin;,41,777b4b850bbefe48c89c96892901d884e73c0371257c4701db214da6e110bd08
000001:orayremoteshell.exe,profile,000001,sunlogin,SunLogin,orayremoteshell.exe,";shanghai best oray information technology co., ltd.;上海贝锐信息科技股份有限公司;",rmm,;sunlogin;,41,777b4b850bbefe48c89c96892901d884e73c0371257c4701db214da6e110bd08
000001:qq.exe,profile,000001,qq,QQ / TIM (dual use),qq.exe,;tencent technology (shenzhen) company limited;,dual_use,;qq im-remote assistance;,41,777b4b850bbefe48c89c96892901d884e73c0371257c4701db214da6e110bd08
000001:quickassist.exe,profile,000001,quickassist,Microsoft Quick Assist,quickassist.exe,;microsoft corporation;,rmm,;microsoft quick assist;quick assist;,41,777b4b850bbefe48c89c96892901d884e73c0371257c4701db214da6e110bd08
000001:remoting_host.exe,profile,000001,chrome-remote-desktop,Chrome Remote Desktop,remoting_host.exe,;google llc;,rmm,;chrome remote desktop;,41,777b4b850bbefe48c89c96892901d884e73c0371257c4701db214da6e110bd08
000001:remoting_me2me_host,profile,000001,chrome-remote-desktop,Chrome Remote Desktop,remoting_me2me_host,;google llc;,rmm,;chrome remote desktop;,41,777b4b850bbefe48c89c96892901d884e73c0371257c4701db214da6e110bd08
000001:remoting_me2me_host_service,profile,000001,chrome-remote-desktop,Chrome Remote Desktop,remoting_me2me_host_service,;google llc;,rmm,;chrome remote desktop;,41,777b4b850bbefe48c89c96892901d884e73c0371257c4701db214da6e110bd08
000001:rustdesk,profile,000001,rustdesk,RustDesk,rustdesk,;;,rmm,;rustdesk;,41,777b4b850bbefe48c89c96892901d884e73c0371257c4701db214da6e110bd08
000001:rustdesk.exe,profile,000001,rustdesk,RustDesk,rustdesk.exe,;;,rmm,;rustdesk;,41,777b4b850bbefe48c89c96892901d884e73c0371257c4701db214da6e110bd08
000001:screenconnect.clientservice.exe,profile,000001,screenconnect,ScreenConnect / ConnectWise Control,screenconnect.clientservice.exe,";connectwise, llc;",rmm,;connectwise control;screenconnect;,41,777b4b850bbefe48c89c96892901d884e73c0371257c4701db214da6e110bd08
000001:screenconnect.windowsbackstagelauncher.exe,profile,000001,screenconnect,ScreenConnect / ConnectWise Control,screenconnect.windowsbackstagelauncher.exe,";connectwise, llc;",rmm,;connectwise control;screenconnect;,41,777b4b850bbefe48c89c96892901d884e73c0371257c4701db214da6e110bd08
000001:screenconnect.windowsclient.exe,profile,000001,screenconnect,ScreenConnect / ConnectWise Control,screenconnect.windowsclient.exe,";connectwise, llc;",rmm,;connectwise control;screenconnect;,41,777b4b850bbefe48c89c96892901d884e73c0371257c4701db214da6e110bd08
000001:site24x7pluginagent.exe,profile,000001,site24x7,Site24x7,site24x7pluginagent.exe,;zoho corporation private limited;,management,;site24x7;,41,777b4b850bbefe48c89c96892901d884e73c0371257c4701db214da6e110bd08
000001:site24x7windowsagenttrayicon.exe,profile,000001,site24x7,Site24x7,site24x7windowsagenttrayicon.exe,;zoho corporation private limited;,management,;site24x7;,41,777b4b850bbefe48c89c96892901d884e73c0371257c4701db214da6e110bd08
000001:srmanager.exe,profile,000001,splashtop,Splashtop,srmanager.exe,;splashtop inc.;,rmm,;splashtop;splashtop remote;,41,777b4b850bbefe48c89c96892901d884e73c0371257c4701db214da6e110bd08
000001:srservice.exe,profile,000001,splashtop,Splashtop,srservice.exe,;splashtop inc.;,rmm,;splashtop;splashtop remote;,41,777b4b850bbefe48c89c96892901d884e73c0371257c4701db214da6e110bd08
000001:strwinclt.exe,profile,000001,splashtop,Splashtop,strwinclt.exe,;splashtop inc.;,rmm,;splashtop;splashtop remote;,41,777b4b850bbefe48c89c96892901d884e73c0371257c4701db214da6e110bd08
000001:sunlogin_guard.exe,profile,000001,sunlogin,SunLogin,sunlogin_guard.exe,";shanghai best oray information technology co., ltd.;上海贝锐信息科技股份有限公司;",rmm,;sunlogin;,41,777b4b850bbefe48c89c96892901d884e73c0371257c4701db214da6e110bd08
000001:sunloginclient.exe,profile,000001,sunlogin,SunLogin,sunloginclient.exe,";shanghai best oray information technology co., ltd.;上海贝锐信息科技股份有限公司;",rmm,;sunlogin;,41,777b4b850bbefe48c89c96892901d884e73c0371257c4701db214da6e110bd08
000001:sunloginclient_desktop.exe,profile,000001,sunlogin,SunLogin,sunloginclient_desktop.exe,";shanghai best oray information technology co., ltd.;上海贝锐信息科技股份有限公司;",rmm,;sunlogin;,41,777b4b850bbefe48c89c96892901d884e73c0371257c4701db214da6e110bd08
000001:teamviewer.exe,profile,000001,teamviewer,TeamViewer,teamviewer.exe,;teamviewer germany gmbh;teamviewer gmbh;,rmm,;teamviewer;,41,777b4b850bbefe48c89c96892901d884e73c0371257c4701db214da6e110bd08
000001:teamviewer_desktop.exe,profile,000001,teamviewer,TeamViewer,teamviewer_desktop.exe,;teamviewer germany gmbh;teamviewer gmbh;,rmm,;teamviewer;,41,777b4b850bbefe48c89c96892901d884e73c0371257c4701db214da6e110bd08
000001:teamviewer_service.exe,profile,000001,teamviewer,TeamViewer,teamviewer_service.exe,;teamviewer germany gmbh;teamviewer gmbh;,rmm,;teamviewer;,41,777b4b850bbefe48c89c96892901d884e73c0371257c4701db214da6e110bd08
000001:teamviewerhost,profile,000001,teamviewer,TeamViewer,teamviewerhost,;teamviewer germany gmbh;teamviewer gmbh;,rmm,;teamviewer;,41,777b4b850bbefe48c89c96892901d884e73c0371257c4701db214da6e110bd08
000001:tim.exe,profile,000001,qq,QQ / TIM (dual use),tim.exe,;tencent technology (shenzhen) company limited;,dual_use,;qq im-remote assistance;,41,777b4b850bbefe48c89c96892901d884e73c0371257c4701db214da6e110bd08
000001:todesk.exe,profile,000001,todesk,ToDesk,todesk.exe,";hainan youqu technology co., ltd;",rmm,;todesk;,41,777b4b850bbefe48c89c96892901d884e73c0371257c4701db214da6e110bd08
000001:todesk_service.exe,profile,000001,todesk,ToDesk,todesk_service.exe,";hainan youqu technology co., ltd;",rmm,;todesk;,41,777b4b850bbefe48c89c96892901d884e73c0371257c4701db214da6e110bd08
000001:uems_agent.exe,profile,000001,endpoint-central,ManageEngine Endpoint Central,uems_agent.exe,;zoho corporation private limited;,management,;manage engine (desktop central);manageengine;,41,777b4b850bbefe48c89c96892901d884e73c0371257c4701db214da6e110bd08
000001:za_access.exe,profile,000001,zoho-assist,Zoho Assist,za_access.exe,;zoho corporation private limited;,rmm,;zoho assist;,41,777b4b850bbefe48c89c96892901d884e73c0371257c4701db214da6e110bd08
000001:za_connect.exe,profile,000001,zoho-assist,Zoho Assist,za_connect.exe,;zoho corporation private limited;,rmm,;zoho assist;,41,777b4b850bbefe48c89c96892901d884e73c0371257c4701db214da6e110bd08
000001:zaservice.exe,profile,000001,zoho-assist,Zoho Assist,zaservice.exe,;zoho corporation private limited;,rmm,;zoho assist;,41,777b4b850bbefe48c89c96892901d884e73c0371257c4701db214da6e110bd08
000001:zohours.exe,profile,000001,zoho-assist,Zoho Assist,zohours.exe,;zoho corporation private limited;,rmm,;zoho assist;,41,777b4b850bbefe48c89c96892901d884e73c0371257c4701db214da6e110bd08
000001:zohoursservice.exe,profile,000001,zoho-assist,Zoho Assist,zohoursservice.exe,;zoho corporation private limited;,rmm,;zoho assist;,41,777b4b850bbefe48c89c96892901d884e73c0371257c4701db214da6e110bd08
000001:manifest,manifest,000001,,,,,,,41,777b4b850bbefe48c89c96892901d884e73c0371257c4701db214da6e110bd08
