row_id,record_type,release,rule_id,rule_kind,rule_target,group_id,condition_id,condition_count,anchor_key,field_name,operator,value,regex_key,expires_at,expected_rows,release_digest
000002:general:rpt-browser-standard:0:name:chrome.exe:0:0,condition,000002,rpt-browser-standard,general,activity,rpt-browser-standard:0,0,2,name:chrome.exe,process_name,equals,chrome.exe,,,210,b38dade3a1ee724a059cb1857b9b37428875553d5cc369642be3d6c11018da6b
000002:general:rpt-browser-standard:0:name:chrome.exe:1:0,condition,000002,rpt-browser-standard,general,activity,rpt-browser-standard:0,1,2,name:chrome.exe,process_path,contains,/google/chrome/,,,210,b38dade3a1ee724a059cb1857b9b37428875553d5cc369642be3d6c11018da6b
000002:general:rpt-browser-standard:1:name:msedge.exe:0:0,condition,000002,rpt-browser-standard,general,activity,rpt-browser-standard:1,0,2,name:msedge.exe,process_name,equals,msedge.exe,,,210,b38dade3a1ee724a059cb1857b9b37428875553d5cc369642be3d6c11018da6b
000002:general:rpt-browser-standard:1:name:msedge.exe:1:0,condition,000002,rpt-browser-standard,general,activity,rpt-browser-standard:1,1,2,name:msedge.exe,process_path,contains,/microsoft/edge/,,,210,b38dade3a1ee724a059cb1857b9b37428875553d5cc369642be3d6c11018da6b
000002:general:rpt-browser-standard:2:name:firefox.exe:0:0,condition,000002,rpt-browser-standard,general,activity,rpt-browser-standard:2,0,2,name:firefox.exe,process_name,equals,firefox.exe,,,210,b38dade3a1ee724a059cb1857b9b37428875553d5cc369642be3d6c11018da6b
000002:general:rpt-browser-standard:2:name:firefox.exe:1:0,condition,000002,rpt-browser-standard,general,activity,rpt-browser-standard:2,1,2,name:firefox.exe,process_path,contains,/mozilla firefox/,,,210,b38dade3a1ee724a059cb1857b9b37428875553d5cc369642be3d6c11018da6b
000002:general:rpt-browser-standard:3:name:vivaldi.exe:0:0,condition,000002,rpt-browser-standard,general,activity,rpt-browser-standard:3,0,2,name:vivaldi.exe,process_name,equals,vivaldi.exe,,,210,b38dade3a1ee724a059cb1857b9b37428875553d5cc369642be3d6c11018da6b
000002:general:rpt-browser-standard:3:name:vivaldi.exe:1:0,condition,000002,rpt-browser-standard,general,activity,rpt-browser-standard:3,1,2,name:vivaldi.exe,process_path,contains,/vivaldi/,,,210,b38dade3a1ee724a059cb1857b9b37428875553d5cc369642be3d6c11018da6b
000002:general:rpt-browser-standard:4:name:qqbrowser.exe:0:0,condition,000002,rpt-browser-standard,general,activity,rpt-browser-standard:4,0,2,name:qqbrowser.exe,process_name,equals,qqbrowser.exe,,,210,b38dade3a1ee724a059cb1857b9b37428875553d5cc369642be3d6c11018da6b
000002:general:rpt-browser-standard:4:name:qqbrowser.exe:1:0,condition,000002,rpt-browser-standard,general,activity,rpt-browser-standard:4,1,2,name:qqbrowser.exe,process_path,contains,/tencent/qqbrowser/,,,210,b38dade3a1ee724a059cb1857b9b37428875553d5cc369642be3d6c11018da6b
000002:general:rpt-browser-standard:5:name:sogouexplorer.exe:0:0,condition,000002,rpt-browser-standard,general,activity,rpt-browser-standard:5,0,2,name:sogouexplorer.exe,process_name,equals,sogouexplorer.exe,,,210,b38dade3a1ee724a059cb1857b9b37428875553d5cc369642be3d6c11018da6b
000002:general:rpt-browser-standard:5:name:sogouexplorer.exe:1:0,condition,000002,rpt-browser-standard,general,activity,rpt-browser-standard:5,1,2,name:sogouexplorer.exe,process_path,contains,/sogou/sogouexplorer/,,,210,b38dade3a1ee724a059cb1857b9b37428875553d5cc369642be3d6c11018da6b
000002:general:rpt-browser-standard:6:name:google chrome helper (gpu):0:0,condition,000002,rpt-browser-standard,general,activity,rpt-browser-standard:6,0,2,name:google chrome helper (gpu),process_name,equals,google chrome helper (gpu),,,210,b38dade3a1ee724a059cb1857b9b37428875553d5cc369642be3d6c11018da6b
000002:general:rpt-browser-standard:6:name:google chrome helper (gpu):1:0,condition,000002,rpt-browser-standard,general,activity,rpt-browser-standard:6,1,2,name:google chrome helper (gpu),process_path,contains,/Google Chrome.app/Contents/,,,210,b38dade3a1ee724a059cb1857b9b37428875553d5cc369642be3d6c11018da6b
000002:general:rpt-browser-standard:6:name:google chrome helper (plugin):0:0,condition,000002,rpt-browser-standard,general,activity,rpt-browser-standard:6,0,2,name:google chrome helper (plugin),process_name,equals,google chrome helper (plugin),,,210,b38dade3a1ee724a059cb1857b9b37428875553d5cc369642be3d6c11018da6b
000002:general:rpt-browser-standard:6:name:google chrome helper (plugin):1:0,condition,000002,rpt-browser-standard,general,activity,rpt-browser-standard:6,1,2,name:google chrome helper (plugin),process_path,contains,/Google Chrome.app/Contents/,,,210,b38dade3a1ee724a059cb1857b9b37428875553d5cc369642be3d6c11018da6b
000002:general:rpt-browser-standard:6:name:google chrome helper (renderer):0:0,condition,000002,rpt-browser-standard,general,activity,rpt-browser-standard:6,0,2,name:google chrome helper (renderer),process_name,equals,google chrome helper (renderer),,,210,b38dade3a1ee724a059cb1857b9b37428875553d5cc369642be3d6c11018da6b
000002:general:rpt-browser-standard:6:name:google chrome helper (renderer):1:0,condition,000002,rpt-browser-standard,general,activity,rpt-browser-standard:6,1,2,name:google chrome helper (renderer),process_path,contains,/Google Chrome.app/Contents/,,,210,b38dade3a1ee724a059cb1857b9b37428875553d5cc369642be3d6c11018da6b
000002:general:rpt-browser-standard:6:name:google chrome helper:0:0,condition,000002,rpt-browser-standard,general,activity,rpt-browser-standard:6,0,2,name:google chrome helper,process_name,equals,google chrome helper,,,210,b38dade3a1ee724a059cb1857b9b37428875553d5cc369642be3d6c11018da6b
000002:general:rpt-browser-standard:6:name:google chrome helper:1:0,condition,000002,rpt-browser-standard,general,activity,rpt-browser-standard:6,1,2,name:google chrome helper,process_path,contains,/Google Chrome.app/Contents/,,,210,b38dade3a1ee724a059cb1857b9b37428875553d5cc369642be3d6c11018da6b
000002:general:rpt-browser-standard:6:name:google chrome:0:0,condition,000002,rpt-browser-standard,general,activity,rpt-browser-standard:6,0,2,name:google chrome,process_name,equals,google chrome,,,210,b38dade3a1ee724a059cb1857b9b37428875553d5cc369642be3d6c11018da6b
000002:general:rpt-browser-standard:6:name:google chrome:1:0,condition,000002,rpt-browser-standard,general,activity,rpt-browser-standard:6,1,2,name:google chrome,process_path,contains,/Google Chrome.app/Contents/,,,210,b38dade3a1ee724a059cb1857b9b37428875553d5cc369642be3d6c11018da6b
000002:general:rpt-browser-standard:7:name:microsoft edge helper (gpu):0:0,condition,000002,rpt-browser-standard,general,activity,rpt-browser-standard:7,0,2,name:microsoft edge helper (gpu),process_name,equals,microsoft edge helper (gpu),,,210,b38dade3a1ee724a059cb1857b9b37428875553d5cc369642be3d6c11018da6b
000002:general:rpt-browser-standard:7:name:microsoft edge helper (gpu):1:0,condition,000002,rpt-browser-standard,general,activity,rpt-browser-standard:7,1,2,name:microsoft edge helper (gpu),process_path,contains,/Microsoft Edge.app/Contents/,,,210,b38dade3a1ee724a059cb1857b9b37428875553d5cc369642be3d6c11018da6b
000002:general:rpt-browser-standard:7:name:microsoft edge helper (plugin):0:0,condition,000002,rpt-browser-standard,general,activity,rpt-browser-standard:7,0,2,name:microsoft edge helper (plugin),process_name,equals,microsoft edge helper (plugin),,,210,b38dade3a1ee724a059cb1857b9b37428875553d5cc369642be3d6c11018da6b
000002:general:rpt-browser-standard:7:name:microsoft edge helper (plugin):1:0,condition,000002,rpt-browser-standard,general,activity,rpt-browser-standard:7,1,2,name:microsoft edge helper (plugin),process_path,contains,/Microsoft Edge.app/Contents/,,,210,b38dade3a1ee724a059cb1857b9b37428875553d5cc369642be3d6c11018da6b
000002:general:rpt-browser-standard:7:name:microsoft edge helper (renderer):0:0,condition,000002,rpt-browser-standard,general,activity,rpt-browser-standard:7,0,2,name:microsoft edge helper (renderer),process_name,equals,microsoft edge helper (renderer),,,210,b38dade3a1ee724a059cb1857b9b37428875553d5cc369642be3d6c11018da6b
000002:general:rpt-browser-standard:7:name:microsoft edge helper (renderer):1:0,condition,000002,rpt-browser-standard,general,activity,rpt-browser-standard:7,1,2,name:microsoft edge helper (renderer),process_path,contains,/Microsoft Edge.app/Contents/,,,210,b38dade3a1ee724a059cb1857b9b37428875553d5cc369642be3d6c11018da6b
000002:general:rpt-browser-standard:7:name:microsoft edge helper:0:0,condition,000002,rpt-browser-standard,general,activity,rpt-browser-standard:7,0,2,name:microsoft edge helper,process_name,equals,microsoft edge helper,,,210,b38dade3a1ee724a059cb1857b9b37428875553d5cc369642be3d6c11018da6b
000002:general:rpt-browser-standard:7:name:microsoft edge helper:1:0,condition,000002,rpt-browser-standard,general,activity,rpt-browser-standard:7,1,2,name:microsoft edge helper,process_path,contains,/Microsoft Edge.app/Contents/,,,210,b38dade3a1ee724a059cb1857b9b37428875553d5cc369642be3d6c11018da6b
000002:general:rpt-browser-standard:7:name:microsoft edge:0:0,condition,000002,rpt-browser-standard,general,activity,rpt-browser-standard:7,0,2,name:microsoft edge,process_name,equals,microsoft edge,,,210,b38dade3a1ee724a059cb1857b9b37428875553d5cc369642be3d6c11018da6b
000002:general:rpt-browser-standard:7:name:microsoft edge:1:0,condition,000002,rpt-browser-standard,general,activity,rpt-browser-standard:7,1,2,name:microsoft edge,process_path,contains,/Microsoft Edge.app/Contents/,,,210,b38dade3a1ee724a059cb1857b9b37428875553d5cc369642be3d6c11018da6b
000002:general:rpt-freshservice-inventory:0:tool:freshservice:0:0,condition,000002,rpt-freshservice-inventory,general,association,rpt-freshservice-inventory:0,0,2,tool:freshservice,rmm_tool,equals,freshservice,,,210,b38dade3a1ee724a059cb1857b9b37428875553d5cc369642be3d6c11018da6b
000002:general:rpt-freshservice-inventory:0:tool:freshservice:1:0,condition,000002,rpt-freshservice-inventory,general,association,rpt-freshservice-inventory:0,1,2,tool:freshservice,process_path,contains,/program files (x86)/freshworks/freshservice discovery agent/,,,210,b38dade3a1ee724a059cb1857b9b37428875553d5cc369642be3d6c11018da6b
000002:general:rpt-freshservice-inventory:1:tool:freshservice:0:0,condition,000002,rpt-freshservice-inventory,general,association,rpt-freshservice-inventory:1,0,2,tool:freshservice,rmm_tool,equals,freshservice,,,210,b38dade3a1ee724a059cb1857b9b37428875553d5cc369642be3d6c11018da6b
000002:general:rpt-freshservice-inventory:1:tool:freshservice:1:0,condition,000002,rpt-freshservice-inventory,general,association,rpt-freshservice-inventory:1,1,2,tool:freshservice,process_path,path_prefix,/Library/Freshservice-Agent/Freshservice-Discovery-Agent/,,,210,b38dade3a1ee724a059cb1857b9b37428875553d5cc369642be3d6c11018da6b
000002:general:rpt-freshservice-inventory:2:tool:freshservice:0:0,condition,000002,rpt-freshservice-inventory,general,association,rpt-freshservice-inventory:2,0,2,tool:freshservice,rmm_tool,equals,freshservice,,,210,b38dade3a1ee724a059cb1857b9b37428875553d5cc369642be3d6c11018da6b
000002:general:rpt-freshservice-inventory:2:tool:freshservice:1:0,condition,000002,rpt-freshservice-inventory,general,association,rpt-freshservice-inventory:2,1,2,tool:freshservice,process_path,path_prefix,/usr/local/sbin/Freshservice/Discovery-Agent/,,,210,b38dade3a1ee724a059cb1857b9b37428875553d5cc369642be3d6c11018da6b
000002:general:rpt-freshservice-inventory:3:tool:freshservice:0:0,condition,000002,rpt-freshservice-inventory,general,association,rpt-freshservice-inventory:3,0,2,tool:freshservice,rmm_tool,equals,freshservice,,,210,b38dade3a1ee724a059cb1857b9b37428875553d5cc369642be3d6c11018da6b
000002:general:rpt-freshservice-inventory:3:tool:freshservice:1:0,condition,000002,rpt-freshservice-inventory,general,association,rpt-freshservice-inventory:3,1,2,tool:freshservice,process_name,equals,freshservice.discoveryprobe.scanservice.exe,,,210,b38dade3a1ee724a059cb1857b9b37428875553d5cc369642be3d6c11018da6b
000002:general:rpt-freshservice-inventory:3:tool:freshservice:1:1,condition,000002,rpt-freshservice-inventory,general,association,rpt-freshservice-inventory:3,1,2,tool:freshservice,process_name,equals,freshservice.discoveryprobe.window.exe,,,210,b38dade3a1ee724a059cb1857b9b37428875553d5cc369642be3d6c11018da6b
000002:general:rpt-freshservice-inventory:3:tool:freshservice:1:2,condition,000002,rpt-freshservice-inventory,general,association,rpt-freshservice-inventory:3,1,2,tool:freshservice,process_name,equals,freshservice.discoveryprobe.autoflush.exe,,,210,b38dade3a1ee724a059cb1857b9b37428875553d5cc369642be3d6c11018da6b
000002:general:rpt-freshservice-inventory:3:tool:freshservice:1:3,condition,000002,rpt-freshservice-inventory,general,association,rpt-freshservice-inventory:3,1,2,tool:freshservice,process_name,equals,freshservice.discoveryprobe.oidlibrarypuller.exe,,,210,b38dade3a1ee724a059cb1857b9b37428875553d5cc369642be3d6c11018da6b
000002:general:rpt-freshservice-inventory:3:tool:freshservice:1:4,condition,000002,rpt-freshservice-inventory,general,association,rpt-freshservice-inventory:3,1,2,tool:freshservice,process_name,equals,fsprobereporter.exe,,,210,b38dade3a1ee724a059cb1857b9b37428875553d5cc369642be3d6c11018da6b
000002:general:rpt-freshservice-inventory:3:tool:freshservice:1:5,condition,000002,rpt-freshservice-inventory,general,association,rpt-freshservice-inventory:3,1,2,tool:freshservice,process_name,equals,fswmiscanner.exe,,,210,b38dade3a1ee724a059cb1857b9b37428875553d5cc369642be3d6c11018da6b
000002:general:rpt-ima-mdt:0:name:ima.copilot.exe:0:0,condition,000002,rpt-ima-mdt,general,activity,rpt-ima-mdt:0,0,3,name:ima.copilot.exe,process_name,equals,ima.copilot.exe,,,210,b38dade3a1ee724a059cb1857b9b37428875553d5cc369642be3d6c11018da6b
000002:general:rpt-ima-mdt:0:name:ima.copilot.exe:1:0,condition,000002,rpt-ima-mdt,general,activity,rpt-ima-mdt:0,1,3,name:ima.copilot.exe,process_path,contains,/ima.copilot/,,,210,b38dade3a1ee724a059cb1857b9b37428875553d5cc369642be3d6c11018da6b
000002:general:rpt-ima-mdt:0:name:ima.copilot.exe:2:0,condition,000002,rpt-ima-mdt,general,activity,rpt-ima-mdt:0,2,3,name:ima.copilot.exe,remote_host,exact,oth.eve.mdt.qq.com,,,210,b38dade3a1ee724a059cb1857b9b37428875553d5cc369642be3d6c11018da6b
000002:general:rpt-manageengine-endpointcentral:0:*:0:0,condition,000002,rpt-manageengine-endpointcentral,general,activity,rpt-manageengine-endpointcentral:0,0,1,*,process_path,contains,/program files/manageengine/uems_agent/,,,210,b38dade3a1ee724a059cb1857b9b37428875553d5cc369642be3d6c11018da6b
000002:general:rpt-manageengine-endpointcentral:1:*:0:0,condition,000002,rpt-manageengine-endpointcentral,general,activity,rpt-manageengine-endpointcentral:1,0,1,*,process_path,contains,/program files (x86)/manageengine/uems_agent/,,,210,b38dade3a1ee724a059cb1857b9b37428875553d5cc369642be3d6c11018da6b
000002:general:rpt-manageengine-endpointcentral:2:*:0:0,condition,000002,rpt-manageengine-endpointcentral,general,activity,rpt-manageengine-endpointcentral:2,0,1,*,process_path,contains,/program files/desktopcentral_agent/,,,210,b38dade3a1ee724a059cb1857b9b37428875553d5cc369642be3d6c11018da6b
000002:general:rpt-manageengine-endpointcentral:3:*:0:0,condition,000002,rpt-manageengine-endpointcentral,general,activity,rpt-manageengine-endpointcentral:3,0,1,*,process_path,contains,/program files (x86)/desktopcentral_agent/,,,210,b38dade3a1ee724a059cb1857b9b37428875553d5cc369642be3d6c11018da6b
000002:general:rpt-manageengine-endpointcentral:4:*:0:0,condition,000002,rpt-manageengine-endpointcentral,general,activity,rpt-manageengine-endpointcentral:4,0,1,*,process_path,contains,/Library/ManageEngine/UEMS_Agent/,,,210,b38dade3a1ee724a059cb1857b9b37428875553d5cc369642be3d6c11018da6b
000002:general:rpt-manageengine-endpointcentral:5:*:0:0,condition,000002,rpt-manageengine-endpointcentral,general,activity,rpt-manageengine-endpointcentral:5,0,1,*,process_path,contains,/Library/Desktopcentral_Agent/,,,210,b38dade3a1ee724a059cb1857b9b37428875553d5cc369642be3d6c11018da6b
000002:general:rpt-outlook-mdt:0:name:outlook.exe:0:0,condition,000002,rpt-outlook-mdt,general,activity,rpt-outlook-mdt:0,0,3,name:outlook.exe,process_name,equals,outlook.exe,,,210,b38dade3a1ee724a059cb1857b9b37428875553d5cc369642be3d6c11018da6b
000002:general:rpt-outlook-mdt:0:name:outlook.exe:1:0,condition,000002,rpt-outlook-mdt,general,activity,rpt-outlook-mdt:0,1,3,name:outlook.exe,process_path,contains,/microsoft office/,,,210,b38dade3a1ee724a059cb1857b9b37428875553d5cc369642be3d6c11018da6b
000002:general:rpt-outlook-mdt:0:name:outlook.exe:2:0,condition,000002,rpt-outlook-mdt,general,activity,rpt-outlook-mdt:0,2,3,name:outlook.exe,remote_host,exact,oth.eve.mdt.qq.com,,,210,b38dade3a1ee724a059cb1857b9b37428875553d5cc369642be3d6c11018da6b
000002:general:rpt-sogou-input-mdt:0:name:biz_aurfx.exe:0:0,condition,000002,rpt-sogou-input-mdt,general,activity,rpt-sogou-input-mdt:0,0,3,name:biz_aurfx.exe,process_name,equals,biz_aurfx.exe,,,210,b38dade3a1ee724a059cb1857b9b37428875553d5cc369642be3d6c11018da6b
000002:general:rpt-sogou-input-mdt:0:name:biz_aurfx.exe:1:0,condition,000002,rpt-sogou-input-mdt,general,activity,rpt-sogou-input-mdt:0,1,3,name:biz_aurfx.exe,process_path,contains,/sogouinput/,,,210,b38dade3a1ee724a059cb1857b9b37428875553d5cc369642be3d6c11018da6b
000002:general:rpt-sogou-input-mdt:0:name:biz_aurfx.exe:2:0,condition,000002,rpt-sogou-input-mdt,general,activity,rpt-sogou-input-mdt:0,2,3,name:biz_aurfx.exe,remote_host,exact,oth.eve.mdt.qq.com,,,210,b38dade3a1ee724a059cb1857b9b37428875553d5cc369642be3d6c11018da6b
000002:general:rpt-sogou-input-mdt:0:name:biz_helper.exe:0:0,condition,000002,rpt-sogou-input-mdt,general,activity,rpt-sogou-input-mdt:0,0,3,name:biz_helper.exe,process_name,equals,biz_helper.exe,,,210,b38dade3a1ee724a059cb1857b9b37428875553d5cc369642be3d6c11018da6b
000002:general:rpt-sogou-input-mdt:0:name:biz_helper.exe:1:0,condition,000002,rpt-sogou-input-mdt,general,activity,rpt-sogou-input-mdt:0,1,3,name:biz_helper.exe,process_path,contains,/sogouinput/,,,210,b38dade3a1ee724a059cb1857b9b37428875553d5cc369642be3d6c11018da6b
000002:general:rpt-sogou-input-mdt:0:name:biz_helper.exe:2:0,condition,000002,rpt-sogou-input-mdt,general,activity,rpt-sogou-input-mdt:0,2,3,name:biz_helper.exe,remote_host,exact,oth.eve.mdt.qq.com,,,210,b38dade3a1ee724a059cb1857b9b37428875553d5cc369642be3d6c11018da6b
000002:general:rpt-sogou-input-mdt:0:name:biz_tool.exe:0:0,condition,000002,rpt-sogou-input-mdt,general,activity,rpt-sogou-input-mdt:0,0,3,name:biz_tool.exe,process_name,equals,biz_tool.exe,,,210,b38dade3a1ee724a059cb1857b9b37428875553d5cc369642be3d6c11018da6b
000002:general:rpt-sogou-input-mdt:0:name:biz_tool.exe:1:0,condition,000002,rpt-sogou-input-mdt,general,activity,rpt-sogou-input-mdt:0,1,3,name:biz_tool.exe,process_path,contains,/sogouinput/,,,210,b38dade3a1ee724a059cb1857b9b37428875553d5cc369642be3d6c11018da6b
000002:general:rpt-sogou-input-mdt:0:name:biz_tool.exe:2:0,condition,000002,rpt-sogou-input-mdt,general,activity,rpt-sogou-input-mdt:0,2,3,name:biz_tool.exe,remote_host,exact,oth.eve.mdt.qq.com,,,210,b38dade3a1ee724a059cb1857b9b37428875553d5cc369642be3d6c11018da6b
000002:general:rpt-sogou-input-mdt:0:name:crashrpt.exe:0:0,condition,000002,rpt-sogou-input-mdt,general,activity,rpt-sogou-input-mdt:0,0,3,name:crashrpt.exe,process_name,equals,crashrpt.exe,,,210,b38dade3a1ee724a059cb1857b9b37428875553d5cc369642be3d6c11018da6b
000002:general:rpt-sogou-input-mdt:0:name:crashrpt.exe:1:0,condition,000002,rpt-sogou-input-mdt,general,activity,rpt-sogou-input-mdt:0,1,3,name:crashrpt.exe,process_path,contains,/sogouinput/,,,210,b38dade3a1ee724a059cb1857b9b37428875553d5cc369642be3d6c11018da6b
000002:general:rpt-sogou-input-mdt:0:name:crashrpt.exe:2:0,condition,000002,rpt-sogou-input-mdt,general,activity,rpt-sogou-input-mdt:0,2,3,name:crashrpt.exe,remote_host,exact,oth.eve.mdt.qq.com,,,210,b38dade3a1ee724a059cb1857b9b37428875553d5cc369642be3d6c11018da6b
000002:general:rpt-sogou-input-mdt:0:name:imeutil.exe:0:0,condition,000002,rpt-sogou-input-mdt,general,activity,rpt-sogou-input-mdt:0,0,3,name:imeutil.exe,process_name,equals,imeutil.exe,,,210,b38dade3a1ee724a059cb1857b9b37428875553d5cc369642be3d6c11018da6b
000002:general:rpt-sogou-input-mdt:0:name:imeutil.exe:1:0,condition,000002,rpt-sogou-input-mdt,general,activity,rpt-sogou-input-mdt:0,1,3,name:imeutil.exe,process_path,contains,/sogouinput/,,,210,b38dade3a1ee724a059cb1857b9b37428875553d5cc369642be3d6c11018da6b
000002:general:rpt-sogou-input-mdt:0:name:imeutil.exe:2:0,condition,000002,rpt-sogou-input-mdt,general,activity,rpt-sogou-input-mdt:0,2,3,name:imeutil.exe,remote_host,exact,oth.eve.mdt.qq.com,,,210,b38dade3a1ee724a059cb1857b9b37428875553d5cc369642be3d6c11018da6b
000002:general:rpt-sogou-input-mdt:0:name:isgpet.exe:0:0,condition,000002,rpt-sogou-input-mdt,general,activity,rpt-sogou-input-mdt:0,0,3,name:isgpet.exe,process_name,equals,isgpet.exe,,,210,b38dade3a1ee724a059cb1857b9b37428875553d5cc369642be3d6c11018da6b
000002:general:rpt-sogou-input-mdt:0:name:isgpet.exe:1:0,condition,000002,rpt-sogou-input-mdt,general,activity,rpt-sogou-input-mdt:0,1,3,name:isgpet.exe,process_path,contains,/sogouinput/,,,210,b38dade3a1ee724a059cb1857b9b37428875553d5cc369642be3d6c11018da6b
000002:general:rpt-sogou-input-mdt:0:name:isgpet.exe:2:0,condition,000002,rpt-sogou-input-mdt,general,activity,rpt-sogou-input-mdt:0,2,3,name:isgpet.exe,remote_host,exact,oth.eve.mdt.qq.com,,,210,b38dade3a1ee724a059cb1857b9b37428875553d5cc369642be3d6c11018da6b
000002:general:rpt-sogou-input-mdt:0:name:pinyinup.exe:0:0,condition,000002,rpt-sogou-input-mdt,general,activity,rpt-sogou-input-mdt:0,0,3,name:pinyinup.exe,process_name,equals,pinyinup.exe,,,210,b38dade3a1ee724a059cb1857b9b37428875553d5cc369642be3d6c11018da6b
000002:general:rpt-sogou-input-mdt:0:name:pinyinup.exe:1:0,condition,000002,rpt-sogou-input-mdt,general,activity,rpt-sogou-input-mdt:0,1,3,name:pinyinup.exe,process_path,contains,/sogouinput/,,,210,b38dade3a1ee724a059cb1857b9b37428875553d5cc369642be3d6c11018da6b
000002:general:rpt-sogou-input-mdt:0:name:pinyinup.exe:2:0,condition,000002,rpt-sogou-input-mdt,general,activity,rpt-sogou-input-mdt:0,2,3,name:pinyinup.exe,remote_host,exact,oth.eve.mdt.qq.com,,,210,b38dade3a1ee724a059cb1857b9b37428875553d5cc369642be3d6c11018da6b
000002:general:rpt-sogou-input-mdt:0:name:sgbizlauncher.exe:0:0,condition,000002,rpt-sogou-input-mdt,general,activity,rpt-sogou-input-mdt:0,0,3,name:sgbizlauncher.exe,process_name,equals,sgbizlauncher.exe,,,210,b38dade3a1ee724a059cb1857b9b37428875553d5cc369642be3d6c11018da6b
000002:general:rpt-sogou-input-mdt:0:name:sgbizlauncher.exe:1:0,condition,000002,rpt-sogou-input-mdt,general,activity,rpt-sogou-input-mdt:0,1,3,name:sgbizlauncher.exe,process_path,contains,/sogouinput/,,,210,b38dade3a1ee724a059cb1857b9b37428875553d5cc369642be3d6c11018da6b
000002:general:rpt-sogou-input-mdt:0:name:sgbizlauncher.exe:2:0,condition,000002,rpt-sogou-input-mdt,general,activity,rpt-sogou-input-mdt:0,2,3,name:sgbizlauncher.exe,remote_host,exact,oth.eve.mdt.qq.com,,,210,b38dade3a1ee724a059cb1857b9b37428875553d5cc369642be3d6c11018da6b
000002:general:rpt-sogou-input-mdt:0:name:sgfeedbackhelper.exe:0:0,condition,000002,rpt-sogou-input-mdt,general,activity,rpt-sogou-input-mdt:0,0,3,name:sgfeedbackhelper.exe,process_name,equals,sgfeedbackhelper.exe,,,210,b38dade3a1ee724a059cb1857b9b37428875553d5cc369642be3d6c11018da6b
000002:general:rpt-sogou-input-mdt:0:name:sgfeedbackhelper.exe:1:0,condition,000002,rpt-sogou-input-mdt,general,activity,rpt-sogou-input-mdt:0,1,3,name:sgfeedbackhelper.exe,process_path,contains,/sogouinput/,,,210,b38dade3a1ee724a059cb1857b9b37428875553d5cc369642be3d6c11018da6b
000002:general:rpt-sogou-input-mdt:0:name:sgfeedbackhelper.exe:2:0,condition,000002,rpt-sogou-input-mdt,general,activity,rpt-sogou-input-mdt:0,2,3,name:sgfeedbackhelper.exe,remote_host,exact,oth.eve.mdt.qq.com,,,210,b38dade3a1ee724a059cb1857b9b37428875553d5cc369642be3d6c11018da6b
000002:general:rpt-sogou-input-mdt:0:name:sgiguidehelper.exe:0:0,condition,000002,rpt-sogou-input-mdt,general,activity,rpt-sogou-input-mdt:0,0,3,name:sgiguidehelper.exe,process_name,equals,sgiguidehelper.exe,,,210,b38dade3a1ee724a059cb1857b9b37428875553d5cc369642be3d6c11018da6b
000002:general:rpt-sogou-input-mdt:0:name:sgiguidehelper.exe:1:0,condition,000002,rpt-sogou-input-mdt,general,activity,rpt-sogou-input-mdt:0,1,3,name:sgiguidehelper.exe,process_path,contains,/sogouinput/,,,210,b38dade3a1ee724a059cb1857b9b37428875553d5cc369642be3d6c11018da6b
000002:general:rpt-sogou-input-mdt:0:name:sgiguidehelper.exe:2:0,condition,000002,rpt-sogou-input-mdt,general,activity,rpt-sogou-input-mdt:0,2,3,name:sgiguidehelper.exe,remote_host,exact,oth.eve.mdt.qq.com,,,210,b38dade3a1ee724a059cb1857b9b37428875553d5cc369642be3d6c11018da6b
000002:general:rpt-sogou-input-mdt:0:name:sgmyinput.exe:0:0,condition,000002,rpt-sogou-input-mdt,general,activity,rpt-sogou-input-mdt:0,0,3,name:sgmyinput.exe,process_name,equals,sgmyinput.exe,,,210,b38dade3a1ee724a059cb1857b9b37428875553d5cc369642be3d6c11018da6b
000002:general:rpt-sogou-input-mdt:0:name:sgmyinput.exe:1:0,condition,000002,rpt-sogou-input-mdt,general,activity,rpt-sogou-input-mdt:0,1,3,name:sgmyinput.exe,process_path,contains,/sogouinput/,,,210,b38dade3a1ee724a059cb1857b9b37428875553d5cc369642be3d6c11018da6b
000002:general:rpt-sogou-input-mdt:0:name:sgmyinput.exe:2:0,condition,000002,rpt-sogou-input-mdt,general,activity,rpt-sogou-input-mdt:0,2,3,name:sgmyinput.exe,remote_host,exact,oth.eve.mdt.qq.com,,,210,b38dade3a1ee724a059cb1857b9b37428875553d5cc369642be3d6c11018da6b
000002:general:rpt-sogou-input-mdt:0:name:sgpicfacetool.exe:0:0,condition,000002,rpt-sogou-input-mdt,general,activity,rpt-sogou-input-mdt:0,0,3,name:sgpicfacetool.exe,process_name,equals,sgpicfacetool.exe,,,210,b38dade3a1ee724a059cb1857b9b37428875553d5cc369642be3d6c11018da6b
000002:general:rpt-sogou-input-mdt:0:name:sgpicfacetool.exe:1:0,condition,000002,rpt-sogou-input-mdt,general,activity,rpt-sogou-input-mdt:0,1,3,name:sgpicfacetool.exe,process_path,contains,/sogouinput/,,,210,b38dade3a1ee724a059cb1857b9b37428875553d5cc369642be3d6c11018da6b
000002:general:rpt-sogou-input-mdt:0:name:sgpicfacetool.exe:2:0,condition,000002,rpt-sogou-input-mdt,general,activity,rpt-sogou-input-mdt:0,2,3,name:sgpicfacetool.exe,remote_host,exact,oth.eve.mdt.qq.com,,,210,b38dade3a1ee724a059cb1857b9b37428875553d5cc369642be3d6c11018da6b
000002:general:rpt-sogou-input-mdt:0:name:sgsmartassistant.exe:0:0,condition,000002,rpt-sogou-input-mdt,general,activity,rpt-sogou-input-mdt:0,0,3,name:sgsmartassistant.exe,process_name,equals,sgsmartassistant.exe,,,210,b38dade3a1ee724a059cb1857b9b37428875553d5cc369642be3d6c11018da6b
000002:general:rpt-sogou-input-mdt:0:name:sgsmartassistant.exe:1:0,condition,000002,rpt-sogou-input-mdt,general,activity,rpt-sogou-input-mdt:0,1,3,name:sgsmartassistant.exe,process_path,contains,/sogouinput/,,,210,b38dade3a1ee724a059cb1857b9b37428875553d5cc369642be3d6c11018da6b
000002:general:rpt-sogou-input-mdt:0:name:sgsmartassistant.exe:2:0,condition,000002,rpt-sogou-input-mdt,general,activity,rpt-sogou-input-mdt:0,2,3,name:sgsmartassistant.exe,remote_host,exact,oth.eve.mdt.qq.com,,,210,b38dade3a1ee724a059cb1857b9b37428875553d5cc369642be3d6c11018da6b
000002:general:rpt-sogou-input-mdt:0:name:sgtool.exe:0:0,condition,000002,rpt-sogou-input-mdt,general,activity,rpt-sogou-input-mdt:0,0,3,name:sgtool.exe,process_name,equals,sgtool.exe,,,210,b38dade3a1ee724a059cb1857b9b37428875553d5cc369642be3d6c11018da6b
000002:general:rpt-sogou-input-mdt:0:name:sgtool.exe:1:0,condition,000002,rpt-sogou-input-mdt,general,activity,rpt-sogou-input-mdt:0,1,3,name:sgtool.exe,process_path,contains,/sogouinput/,,,210,b38dade3a1ee724a059cb1857b9b37428875553d5cc369642be3d6c11018da6b
000002:general:rpt-sogou-input-mdt:0:name:sgtool.exe:2:0,condition,000002,rpt-sogou-input-mdt,general,activity,rpt-sogou-input-mdt:0,2,3,name:sgtool.exe,remote_host,exact,oth.eve.mdt.qq.com,,,210,b38dade3a1ee724a059cb1857b9b37428875553d5cc369642be3d6c11018da6b
000002:general:rpt-sogou-input-mdt:0:name:sgwangzai.exe:0:0,condition,000002,rpt-sogou-input-mdt,general,activity,rpt-sogou-input-mdt:0,0,3,name:sgwangzai.exe,process_name,equals,sgwangzai.exe,,,210,b38dade3a1ee724a059cb1857b9b37428875553d5cc369642be3d6c11018da6b
000002:general:rpt-sogou-input-mdt:0:name:sgwangzai.exe:1:0,condition,000002,rpt-sogou-input-mdt,general,activity,rpt-sogou-input-mdt:0,1,3,name:sgwangzai.exe,process_path,contains,/sogouinput/,,,210,b38dade3a1ee724a059cb1857b9b37428875553d5cc369642be3d6c11018da6b
000002:general:rpt-sogou-input-mdt:0:name:sgwangzai.exe:2:0,condition,000002,rpt-sogou-input-mdt,general,activity,rpt-sogou-input-mdt:0,2,3,name:sgwangzai.exe,remote_host,exact,oth.eve.mdt.qq.com,,,210,b38dade3a1ee724a059cb1857b9b37428875553d5cc369642be3d6c11018da6b
000002:general:rpt-sogou-input-mdt:0:name:sgwizard.exe:0:0,condition,000002,rpt-sogou-input-mdt,general,activity,rpt-sogou-input-mdt:0,0,3,name:sgwizard.exe,process_name,equals,sgwizard.exe,,,210,b38dade3a1ee724a059cb1857b9b37428875553d5cc369642be3d6c11018da6b
000002:general:rpt-sogou-input-mdt:0:name:sgwizard.exe:1:0,condition,000002,rpt-sogou-input-mdt,general,activity,rpt-sogou-input-mdt:0,1,3,name:sgwizard.exe,process_path,contains,/sogouinput/,,,210,b38dade3a1ee724a059cb1857b9b37428875553d5cc369642be3d6c11018da6b
000002:general:rpt-sogou-input-mdt:0:name:sgwizard.exe:2:0,condition,000002,rpt-sogou-input-mdt,general,activity,rpt-sogou-input-mdt:0,2,3,name:sgwizard.exe,remote_host,exact,oth.eve.mdt.qq.com,,,210,b38dade3a1ee724a059cb1857b9b37428875553d5cc369642be3d6c11018da6b
000002:general:rpt-sogou-input-mdt:0:name:sogou_voice_assistant.exe:0:0,condition,000002,rpt-sogou-input-mdt,general,activity,rpt-sogou-input-mdt:0,0,3,name:sogou_voice_assistant.exe,process_name,equals,sogou_voice_assistant.exe,,,210,b38dade3a1ee724a059cb1857b9b37428875553d5cc369642be3d6c11018da6b
000002:general:rpt-sogou-input-mdt:0:name:sogou_voice_assistant.exe:1:0,condition,000002,rpt-sogou-input-mdt,general,activity,rpt-sogou-input-mdt:0,1,3,name:sogou_voice_assistant.exe,process_path,contains,/sogouinput/,,,210,b38dade3a1ee724a059cb1857b9b37428875553d5cc369642be3d6c11018da6b
000002:general:rpt-sogou-input-mdt:0:name:sogou_voice_assistant.exe:2:0,condition,000002,rpt-sogou-input-mdt,general,activity,rpt-sogou-input-mdt:0,2,3,name:sogou_voice_assistant.exe,remote_host,exact,oth.eve.mdt.qq.com,,,210,b38dade3a1ee724a059cb1857b9b37428875553d5cc369642be3d6c11018da6b
000002:general:rpt-sogou-input-mdt:0:name:sogoucloud.exe:0:0,condition,000002,rpt-sogou-input-mdt,general,activity,rpt-sogou-input-mdt:0,0,3,name:sogoucloud.exe,process_name,equals,sogoucloud.exe,,,210,b38dade3a1ee724a059cb1857b9b37428875553d5cc369642be3d6c11018da6b
000002:general:rpt-sogou-input-mdt:0:name:sogoucloud.exe:1:0,condition,000002,rpt-sogou-input-mdt,general,activity,rpt-sogou-input-mdt:0,1,3,name:sogoucloud.exe,process_path,contains,/sogouinput/,,,210,b38dade3a1ee724a059cb1857b9b37428875553d5cc369642be3d6c11018da6b
000002:general:rpt-sogou-input-mdt:0:name:sogoucloud.exe:2:0,condition,000002,rpt-sogou-input-mdt,general,activity,rpt-sogou-input-mdt:0,2,3,name:sogoucloud.exe,remote_host,exact,oth.eve.mdt.qq.com,,,210,b38dade3a1ee724a059cb1857b9b37428875553d5cc369642be3d6c11018da6b
000002:general:rpt-sogou-input-mdt:0:name:sogouexe.exe:0:0,condition,000002,rpt-sogou-input-mdt,general,activity,rpt-sogou-input-mdt:0,0,3,name:sogouexe.exe,process_name,equals,sogouexe.exe,,,210,b38dade3a1ee724a059cb1857b9b37428875553d5cc369642be3d6c11018da6b
000002:general:rpt-sogou-input-mdt:0:name:sogouexe.exe:1:0,condition,000002,rpt-sogou-input-mdt,general,activity,rpt-sogou-input-mdt:0,1,3,name:sogouexe.exe,process_path,contains,/sogouinput/,,,210,b38dade3a1ee724a059cb1857b9b37428875553d5cc369642be3d6c11018da6b
000002:general:rpt-sogou-input-mdt:0:name:sogouexe.exe:2:0,condition,000002,rpt-sogou-input-mdt,general,activity,rpt-sogou-input-mdt:0,2,3,name:sogouexe.exe,remote_host,exact,oth.eve.mdt.qq.com,,,210,b38dade3a1ee724a059cb1857b9b37428875553d5cc369642be3d6c11018da6b
000002:general:rpt-sogou-input-mdt:0:name:sogousmartassistant.exe:0:0,condition,000002,rpt-sogou-input-mdt,general,activity,rpt-sogou-input-mdt:0,0,3,name:sogousmartassistant.exe,process_name,equals,sogousmartassistant.exe,,,210,b38dade3a1ee724a059cb1857b9b37428875553d5cc369642be3d6c11018da6b
000002:general:rpt-sogou-input-mdt:0:name:sogousmartassistant.exe:1:0,condition,000002,rpt-sogou-input-mdt,general,activity,rpt-sogou-input-mdt:0,1,3,name:sogousmartassistant.exe,process_path,contains,/sogouinput/,,,210,b38dade3a1ee724a059cb1857b9b37428875553d5cc369642be3d6c11018da6b
000002:general:rpt-sogou-input-mdt:0:name:sogousmartassistant.exe:2:0,condition,000002,rpt-sogou-input-mdt,general,activity,rpt-sogou-input-mdt:0,2,3,name:sogousmartassistant.exe,remote_host,exact,oth.eve.mdt.qq.com,,,210,b38dade3a1ee724a059cb1857b9b37428875553d5cc369642be3d6c11018da6b
000002:general:rpt-sogou-input-mdt:0:name:usernetschedule.exe:0:0,condition,000002,rpt-sogou-input-mdt,general,activity,rpt-sogou-input-mdt:0,0,3,name:usernetschedule.exe,process_name,equals,usernetschedule.exe,,,210,b38dade3a1ee724a059cb1857b9b37428875553d5cc369642be3d6c11018da6b
000002:general:rpt-sogou-input-mdt:0:name:usernetschedule.exe:1:0,condition,000002,rpt-sogou-input-mdt,general,activity,rpt-sogou-input-mdt:0,1,3,name:usernetschedule.exe,process_path,contains,/sogouinput/,,,210,b38dade3a1ee724a059cb1857b9b37428875553d5cc369642be3d6c11018da6b
000002:general:rpt-sogou-input-mdt:0:name:usernetschedule.exe:2:0,condition,000002,rpt-sogou-input-mdt,general,activity,rpt-sogou-input-mdt:0,2,3,name:usernetschedule.exe,remote_host,exact,oth.eve.mdt.qq.com,,,210,b38dade3a1ee724a059cb1857b9b37428875553d5cc369642be3d6c11018da6b
000002:general:rpt-sogou-input-mdt:0:name:wbcrashrpt.exe:0:0,condition,000002,rpt-sogou-input-mdt,general,activity,rpt-sogou-input-mdt:0,0,3,name:wbcrashrpt.exe,process_name,equals,wbcrashrpt.exe,,,210,b38dade3a1ee724a059cb1857b9b37428875553d5cc369642be3d6c11018da6b
000002:general:rpt-sogou-input-mdt:0:name:wbcrashrpt.exe:1:0,condition,000002,rpt-sogou-input-mdt,general,activity,rpt-sogou-input-mdt:0,1,3,name:wbcrashrpt.exe,process_path,contains,/sogouinput/,,,210,b38dade3a1ee724a059cb1857b9b37428875553d5cc369642be3d6c11018da6b
000002:general:rpt-sogou-input-mdt:0:name:wbcrashrpt.exe:2:0,condition,000002,rpt-sogou-input-mdt,general,activity,rpt-sogou-input-mdt:0,2,3,name:wbcrashrpt.exe,remote_host,exact,oth.eve.mdt.qq.com,,,210,b38dade3a1ee724a059cb1857b9b37428875553d5cc369642be3d6c11018da6b
000002:general:rpt-sogou-input-mdt:0:name:wbusernetschedule.exe:0:0,condition,000002,rpt-sogou-input-mdt,general,activity,rpt-sogou-input-mdt:0,0,3,name:wbusernetschedule.exe,process_name,equals,wbusernetschedule.exe,,,210,b38dade3a1ee724a059cb1857b9b37428875553d5cc369642be3d6c11018da6b
000002:general:rpt-sogou-input-mdt:0:name:wbusernetschedule.exe:1:0,condition,000002,rpt-sogou-input-mdt,general,activity,rpt-sogou-input-mdt:0,1,3,name:wbusernetschedule.exe,process_path,contains,/sogouinput/,,,210,b38dade3a1ee724a059cb1857b9b37428875553d5cc369642be3d6c11018da6b
000002:general:rpt-sogou-input-mdt:0:name:wbusernetschedule.exe:2:0,condition,000002,rpt-sogou-input-mdt,general,activity,rpt-sogou-input-mdt:0,2,3,name:wbusernetschedule.exe,remote_host,exact,oth.eve.mdt.qq.com,,,210,b38dade3a1ee724a059cb1857b9b37428875553d5cc369642be3d6c11018da6b
000002:general:rpt-sogou-input-mdt:0:name:write_spirit.exe:0:0,condition,000002,rpt-sogou-input-mdt,general,activity,rpt-sogou-input-mdt:0,0,3,name:write_spirit.exe,process_name,equals,write_spirit.exe,,,210,b38dade3a1ee724a059cb1857b9b37428875553d5cc369642be3d6c11018da6b
000002:general:rpt-sogou-input-mdt:0:name:write_spirit.exe:1:0,condition,000002,rpt-sogou-input-mdt,general,activity,rpt-sogou-input-mdt:0,1,3,name:write_spirit.exe,process_path,contains,/sogouinput/,,,210,b38dade3a1ee724a059cb1857b9b37428875553d5cc369642be3d6c11018da6b
000002:general:rpt-sogou-input-mdt:0:name:write_spirit.exe:2:0,condition,000002,rpt-sogou-input-mdt,general,activity,rpt-sogou-input-mdt:0,2,3,name:write_spirit.exe,remote_host,exact,oth.eve.mdt.qq.com,,,210,b38dade3a1ee724a059cb1857b9b37428875553d5cc369642be3d6c11018da6b
000002:general:rpt-sogou-input-mdt:0:name:wubiup.exe:0:0,condition,000002,rpt-sogou-input-mdt,general,activity,rpt-sogou-input-mdt:0,0,3,name:wubiup.exe,process_name,equals,wubiup.exe,,,210,b38dade3a1ee724a059cb1857b9b37428875553d5cc369642be3d6c11018da6b
000002:general:rpt-sogou-input-mdt:0:name:wubiup.exe:1:0,condition,000002,rpt-sogou-input-mdt,general,activity,rpt-sogou-input-mdt:0,1,3,name:wubiup.exe,process_path,contains,/sogouinput/,,,210,b38dade3a1ee724a059cb1857b9b37428875553d5cc369642be3d6c11018da6b
000002:general:rpt-sogou-input-mdt:0:name:wubiup.exe:2:0,condition,000002,rpt-sogou-input-mdt,general,activity,rpt-sogou-input-mdt:0,2,3,name:wubiup.exe,remote_host,exact,oth.eve.mdt.qq.com,,,210,b38dade3a1ee724a059cb1857b9b37428875553d5cc369642be3d6c11018da6b
000002:general:rpt-sogou-input-mdt:1:name:biz_aurfx.exe:0:0,condition,000002,rpt-sogou-input-mdt,general,activity,rpt-sogou-input-mdt:1,0,3,name:biz_aurfx.exe,process_name,equals,biz_aurfx.exe,,,210,b38dade3a1ee724a059cb1857b9b37428875553d5cc369642be3d6c11018da6b
000002:general:rpt-sogou-input-mdt:1:name:biz_aurfx.exe:1:0,condition,000002,rpt-sogou-input-mdt,general,activity,rpt-sogou-input-mdt:1,1,3,name:biz_aurfx.exe,process_path,contains,/sogouwbinput/,,,210,b38dade3a1ee724a059cb1857b9b37428875553d5cc369642be3d6c11018da6b
000002:general:rpt-sogou-input-mdt:1:name:biz_aurfx.exe:2:0,condition,000002,rpt-sogou-input-mdt,general,activity,rpt-sogou-input-mdt:1,2,3,name:biz_aurfx.exe,remote_host,exact,oth.eve.mdt.qq.com,,,210,b38dade3a1ee724a059cb1857b9b37428875553d5cc369642be3d6c11018da6b
000002:general:rpt-sogou-input-mdt:1:name:biz_helper.exe:0:0,condition,000002,rpt-sogou-input-mdt,general,activity,rpt-sogou-input-mdt:1,0,3,name:biz_helper.exe,process_name,equals,biz_helper.exe,,,210,b38dade3a1ee724a059cb1857b9b37428875553d5cc369642be3d6c11018da6b
000002:general:rpt-sogou-input-mdt:1:name:biz_helper.exe:1:0,condition,000002,rpt-sogou-input-mdt,general,activity,rpt-sogou-input-mdt:1,1,3,name:biz_helper.exe,process_path,contains,/sogouwbinput/,,,210,b38dade3a1ee724a059cb1857b9b37428875553d5cc369642be3d6c11018da6b
000002:general:rpt-sogou-input-mdt:1:name:biz_helper.exe:2:0,condition,000002,rpt-sogou-input-mdt,general,activity,rpt-sogou-input-mdt:1,2,3,name:biz_helper.exe,remote_host,exact,oth.eve.mdt.qq.com,,,210,b38dade3a1ee724a059cb1857b9b37428875553d5cc369642be3d6c11018da6b
000002:general:rpt-sogou-input-mdt:1:name:biz_tool.exe:0:0,condition,000002,rpt-sogou-input-mdt,general,activity,rpt-sogou-input-mdt:1,0,3,name:biz_tool.exe,process_name,equals,biz_tool.exe,,,210,b38dade3a1ee724a059cb1857b9b37428875553d5cc369642be3d6c11018da6b
000002:general:rpt-sogou-input-mdt:1:name:biz_tool.exe:1:0,condition,000002,rpt-sogou-input-mdt,general,activity,rpt-sogou-input-mdt:1,1,3,name:biz_tool.exe,process_path,contains,/sogouwbinput/,,,210,b38dade3a1ee724a059cb1857b9b37428875553d5cc369642be3d6c11018da6b
000002:general:rpt-sogou-input-mdt:1:name:biz_tool.exe:2:0,condition,000002,rpt-sogou-input-mdt,general,activity,rpt-sogou-input-mdt:1,2,3,name:biz_tool.exe,remote_host,exact,oth.eve.mdt.qq.com,,,210,b38dade3a1ee724a059cb1857b9b37428875553d5cc369642be3d6c11018da6b
000002:general:rpt-sogou-input-mdt:1:name:crashrpt.exe:0:0,condition,000002,rpt-sogou-input-mdt,general,activity,rpt-sogou-input-mdt:1,0,3,name:crashrpt.exe,process_name,equals,crashrpt.exe,,,210,b38dade3a1ee724a059cb1857b9b37428875553d5cc369642be3d6c11018da6b
000002:general:rpt-sogou-input-mdt:1:name:crashrpt.exe:1:0,condition,000002,rpt-sogou-input-mdt,general,activity,rpt-sogou-input-mdt:1,1,3,name:crashrpt.exe,process_path,contains,/sogouwbinput/,,,210,b38dade3a1ee724a059cb1857b9b37428875553d5cc369642be3d6c11018da6b
000002:general:rpt-sogou-input-mdt:1:name:crashrpt.exe:2:0,condition,000002,rpt-sogou-input-mdt,general,activity,rpt-sogou-input-mdt:1,2,3,name:crashrpt.exe,remote_host,exact,oth.eve.mdt.qq.com,,,210,b38dade3a1ee724a059cb1857b9b37428875553d5cc369642be3d6c11018da6b
000002:general:rpt-sogou-input-mdt:1:name:imeutil.exe:0:0,condition,000002,rpt-sogou-input-mdt,general,activity,rpt-sogou-input-mdt:1,0,3,name:imeutil.exe,process_name,equals,imeutil.exe,,,210,b38dade3a1ee724a059cb1857b9b37428875553d5cc369642be3d6c11018da6b
000002:general:rpt-sogou-input-mdt:1:name:imeutil.exe:1:0,condition,000002,rpt-sogou-input-mdt,general,activity,rpt-sogou-input-mdt:1,1,3,name:imeutil.exe,process_path,contains,/sogouwbinput/,,,210,b38dade3a1ee724a059cb1857b9b37428875553d5cc369642be3d6c11018da6b
000002:general:rpt-sogou-input-mdt:1:name:imeutil.exe:2:0,condition,000002,rpt-sogou-input-mdt,general,activity,rpt-sogou-input-mdt:1,2,3,name:imeutil.exe,remote_host,exact,oth.eve.mdt.qq.com,,,210,b38dade3a1ee724a059cb1857b9b37428875553d5cc369642be3d6c11018da6b
000002:general:rpt-sogou-input-mdt:1:name:isgpet.exe:0:0,condition,000002,rpt-sogou-input-mdt,general,activity,rpt-sogou-input-mdt:1,0,3,name:isgpet.exe,process_name,equals,isgpet.exe,,,210,b38dade3a1ee724a059cb1857b9b37428875553d5cc369642be3d6c11018da6b
000002:general:rpt-sogou-input-mdt:1:name:isgpet.exe:1:0,condition,000002,rpt-sogou-input-mdt,general,activity,rpt-sogou-input-mdt:1,1,3,name:isgpet.exe,process_path,contains,/sogouwbinput/,,,210,b38dade3a1ee724a059cb1857b9b37428875553d5cc369642be3d6c11018da6b
000002:general:rpt-sogou-input-mdt:1:name:isgpet.exe:2:0,condition,000002,rpt-sogou-input-mdt,general,activity,rpt-sogou-input-mdt:1,2,3,name:isgpet.exe,remote_host,exact,oth.eve.mdt.qq.com,,,210,b38dade3a1ee724a059cb1857b9b37428875553d5cc369642be3d6c11018da6b
000002:general:rpt-sogou-input-mdt:1:name:pinyinup.exe:0:0,condition,000002,rpt-sogou-input-mdt,general,activity,rpt-sogou-input-mdt:1,0,3,name:pinyinup.exe,process_name,equals,pinyinup.exe,,,210,b38dade3a1ee724a059cb1857b9b37428875553d5cc369642be3d6c11018da6b
000002:general:rpt-sogou-input-mdt:1:name:pinyinup.exe:1:0,condition,000002,rpt-sogou-input-mdt,general,activity,rpt-sogou-input-mdt:1,1,3,name:pinyinup.exe,process_path,contains,/sogouwbinput/,,,210,b38dade3a1ee724a059cb1857b9b37428875553d5cc369642be3d6c11018da6b
000002:general:rpt-sogou-input-mdt:1:name:pinyinup.exe:2:0,condition,000002,rpt-sogou-input-mdt,general,activity,rpt-sogou-input-mdt:1,2,3,name:pinyinup.exe,remote_host,exact,oth.eve.mdt.qq.com,,,210,b38dade3a1ee724a059cb1857b9b37428875553d5cc369642be3d6c11018da6b
000002:general:rpt-sogou-input-mdt:1:name:sgbizlauncher.exe:0:0,condition,000002,rpt-sogou-input-mdt,general,activity,rpt-sogou-input-mdt:1,0,3,name:sgbizlauncher.exe,process_name,equals,sgbizlauncher.exe,,,210,b38dade3a1ee724a059cb1857b9b37428875553d5cc369642be3d6c11018da6b
000002:general:rpt-sogou-input-mdt:1:name:sgbizlauncher.exe:1:0,condition,000002,rpt-sogou-input-mdt,general,activity,rpt-sogou-input-mdt:1,1,3,name:sgbizlauncher.exe,process_path,contains,/sogouwbinput/,,,210,b38dade3a1ee724a059cb1857b9b37428875553d5cc369642be3d6c11018da6b
000002:general:rpt-sogou-input-mdt:1:name:sgbizlauncher.exe:2:0,condition,000002,rpt-sogou-input-mdt,general,activity,rpt-sogou-input-mdt:1,2,3,name:sgbizlauncher.exe,remote_host,exact,oth.eve.mdt.qq.com,,,210,b38dade3a1ee724a059cb1857b9b37428875553d5cc369642be3d6c11018da6b
000002:general:rpt-sogou-input-mdt:1:name:sgfeedbackhelper.exe:0:0,condition,000002,rpt-sogou-input-mdt,general,activity,rpt-sogou-input-mdt:1,0,3,name:sgfeedbackhelper.exe,process_name,equals,sgfeedbackhelper.exe,,,210,b38dade3a1ee724a059cb1857b9b37428875553d5cc369642be3d6c11018da6b
000002:general:rpt-sogou-input-mdt:1:name:sgfeedbackhelper.exe:1:0,condition,000002,rpt-sogou-input-mdt,general,activity,rpt-sogou-input-mdt:1,1,3,name:sgfeedbackhelper.exe,process_path,contains,/sogouwbinput/,,,210,b38dade3a1ee724a059cb1857b9b37428875553d5cc369642be3d6c11018da6b
000002:general:rpt-sogou-input-mdt:1:name:sgfeedbackhelper.exe:2:0,condition,000002,rpt-sogou-input-mdt,general,activity,rpt-sogou-input-mdt:1,2,3,name:sgfeedbackhelper.exe,remote_host,exact,oth.eve.mdt.qq.com,,,210,b38dade3a1ee724a059cb1857b9b37428875553d5cc369642be3d6c11018da6b
000002:general:rpt-sogou-input-mdt:1:name:sgiguidehelper.exe:0:0,condition,000002,rpt-sogou-input-mdt,general,activity,rpt-sogou-input-mdt:1,0,3,name:sgiguidehelper.exe,process_name,equals,sgiguidehelper.exe,,,210,b38dade3a1ee724a059cb1857b9b37428875553d5cc369642be3d6c11018da6b
000002:general:rpt-sogou-input-mdt:1:name:sgiguidehelper.exe:1:0,condition,000002,rpt-sogou-input-mdt,general,activity,rpt-sogou-input-mdt:1,1,3,name:sgiguidehelper.exe,process_path,contains,/sogouwbinput/,,,210,b38dade3a1ee724a059cb1857b9b37428875553d5cc369642be3d6c11018da6b
000002:general:rpt-sogou-input-mdt:1:name:sgiguidehelper.exe:2:0,condition,000002,rpt-sogou-input-mdt,general,activity,rpt-sogou-input-mdt:1,2,3,name:sgiguidehelper.exe,remote_host,exact,oth.eve.mdt.qq.com,,,210,b38dade3a1ee724a059cb1857b9b37428875553d5cc369642be3d6c11018da6b
000002:general:rpt-sogou-input-mdt:1:name:sgmyinput.exe:0:0,condition,000002,rpt-sogou-input-mdt,general,activity,rpt-sogou-input-mdt:1,0,3,name:sgmyinput.exe,process_name,equals,sgmyinput.exe,,,210,b38dade3a1ee724a059cb1857b9b37428875553d5cc369642be3d6c11018da6b
000002:general:rpt-sogou-input-mdt:1:name:sgmyinput.exe:1:0,condition,000002,rpt-sogou-input-mdt,general,activity,rpt-sogou-input-mdt:1,1,3,name:sgmyinput.exe,process_path,contains,/sogouwbinput/,,,210,b38dade3a1ee724a059cb1857b9b37428875553d5cc369642be3d6c11018da6b
000002:general:rpt-sogou-input-mdt:1:name:sgmyinput.exe:2:0,condition,000002,rpt-sogou-input-mdt,general,activity,rpt-sogou-input-mdt:1,2,3,name:sgmyinput.exe,remote_host,exact,oth.eve.mdt.qq.com,,,210,b38dade3a1ee724a059cb1857b9b37428875553d5cc369642be3d6c11018da6b
000002:general:rpt-sogou-input-mdt:1:name:sgpicfacetool.exe:0:0,condition,000002,rpt-sogou-input-mdt,general,activity,rpt-sogou-input-mdt:1,0,3,name:sgpicfacetool.exe,process_name,equals,sgpicfacetool.exe,,,210,b38dade3a1ee724a059cb1857b9b37428875553d5cc369642be3d6c11018da6b
000002:general:rpt-sogou-input-mdt:1:name:sgpicfacetool.exe:1:0,condition,000002,rpt-sogou-input-mdt,general,activity,rpt-sogou-input-mdt:1,1,3,name:sgpicfacetool.exe,process_path,contains,/sogouwbinput/,,,210,b38dade3a1ee724a059cb1857b9b37428875553d5cc369642be3d6c11018da6b
000002:general:rpt-sogou-input-mdt:1:name:sgpicfacetool.exe:2:0,condition,000002,rpt-sogou-input-mdt,general,activity,rpt-sogou-input-mdt:1,2,3,name:sgpicfacetool.exe,remote_host,exact,oth.eve.mdt.qq.com,,,210,b38dade3a1ee724a059cb1857b9b37428875553d5cc369642be3d6c11018da6b
000002:general:rpt-sogou-input-mdt:1:name:sgsmartassistant.exe:0:0,condition,000002,rpt-sogou-input-mdt,general,activity,rpt-sogou-input-mdt:1,0,3,name:sgsmartassistant.exe,process_name,equals,sgsmartassistant.exe,,,210,b38dade3a1ee724a059cb1857b9b37428875553d5cc369642be3d6c11018da6b
000002:general:rpt-sogou-input-mdt:1:name:sgsmartassistant.exe:1:0,condition,000002,rpt-sogou-input-mdt,general,activity,rpt-sogou-input-mdt:1,1,3,name:sgsmartassistant.exe,process_path,contains,/sogouwbinput/,,,210,b38dade3a1ee724a059cb1857b9b37428875553d5cc369642be3d6c11018da6b
000002:general:rpt-sogou-input-mdt:1:name:sgsmartassistant.exe:2:0,condition,000002,rpt-sogou-input-mdt,general,activity,rpt-sogou-input-mdt:1,2,3,name:sgsmartassistant.exe,remote_host,exact,oth.eve.mdt.qq.com,,,210,b38dade3a1ee724a059cb1857b9b37428875553d5cc369642be3d6c11018da6b
000002:general:rpt-sogou-input-mdt:1:name:sgtool.exe:0:0,condition,000002,rpt-sogou-input-mdt,general,activity,rpt-sogou-input-mdt:1,0,3,name:sgtool.exe,process_name,equals,sgtool.exe,,,210,b38dade3a1ee724a059cb1857b9b37428875553d5cc369642be3d6c11018da6b
000002:general:rpt-sogou-input-mdt:1:name:sgtool.exe:1:0,condition,000002,rpt-sogou-input-mdt,general,activity,rpt-sogou-input-mdt:1,1,3,name:sgtool.exe,process_path,contains,/sogouwbinput/,,,210,b38dade3a1ee724a059cb1857b9b37428875553d5cc369642be3d6c11018da6b
000002:general:rpt-sogou-input-mdt:1:name:sgtool.exe:2:0,condition,000002,rpt-sogou-input-mdt,general,activity,rpt-sogou-input-mdt:1,2,3,name:sgtool.exe,remote_host,exact,oth.eve.mdt.qq.com,,,210,b38dade3a1ee724a059cb1857b9b37428875553d5cc369642be3d6c11018da6b
000002:general:rpt-sogou-input-mdt:1:name:sgwangzai.exe:0:0,condition,000002,rpt-sogou-input-mdt,general,activity,rpt-sogou-input-mdt:1,0,3,name:sgwangzai.exe,process_name,equals,sgwangzai.exe,,,210,b38dade3a1ee724a059cb1857b9b37428875553d5cc369642be3d6c11018da6b
000002:general:rpt-sogou-input-mdt:1:name:sgwangzai.exe:1:0,condition,000002,rpt-sogou-input-mdt,general,activity,rpt-sogou-input-mdt:1,1,3,name:sgwangzai.exe,process_path,contains,/sogouwbinput/,,,210,b38dade3a1ee724a059cb1857b9b37428875553d5cc369642be3d6c11018da6b
000002:general:rpt-sogou-input-mdt:1:name:sgwangzai.exe:2:0,condition,000002,rpt-sogou-input-mdt,general,activity,rpt-sogou-input-mdt:1,2,3,name:sgwangzai.exe,remote_host,exact,oth.eve.mdt.qq.com,,,210,b38dade3a1ee724a059cb1857b9b37428875553d5cc369642be3d6c11018da6b
000002:general:rpt-sogou-input-mdt:1:name:sgwizard.exe:0:0,condition,000002,rpt-sogou-input-mdt,general,activity,rpt-sogou-input-mdt:1,0,3,name:sgwizard.exe,process_name,equals,sgwizard.exe,,,210,b38dade3a1ee724a059cb1857b9b37428875553d5cc369642be3d6c11018da6b
000002:general:rpt-sogou-input-mdt:1:name:sgwizard.exe:1:0,condition,000002,rpt-sogou-input-mdt,general,activity,rpt-sogou-input-mdt:1,1,3,name:sgwizard.exe,process_path,contains,/sogouwbinput/,,,210,b38dade3a1ee724a059cb1857b9b37428875553d5cc369642be3d6c11018da6b
000002:general:rpt-sogou-input-mdt:1:name:sgwizard.exe:2:0,condition,000002,rpt-sogou-input-mdt,general,activity,rpt-sogou-input-mdt:1,2,3,name:sgwizard.exe,remote_host,exact,oth.eve.mdt.qq.com,,,210,b38dade3a1ee724a059cb1857b9b37428875553d5cc369642be3d6c11018da6b
000002:general:rpt-sogou-input-mdt:1:name:sogou_voice_assistant.exe:0:0,condition,000002,rpt-sogou-input-mdt,general,activity,rpt-sogou-input-mdt:1,0,3,name:sogou_voice_assistant.exe,process_name,equals,sogou_voice_assistant.exe,,,210,b38dade3a1ee724a059cb1857b9b37428875553d5cc369642be3d6c11018da6b
000002:general:rpt-sogou-input-mdt:1:name:sogou_voice_assistant.exe:1:0,condition,000002,rpt-sogou-input-mdt,general,activity,rpt-sogou-input-mdt:1,1,3,name:sogou_voice_assistant.exe,process_path,contains,/sogouwbinput/,,,210,b38dade3a1ee724a059cb1857b9b37428875553d5cc369642be3d6c11018da6b
000002:general:rpt-sogou-input-mdt:1:name:sogou_voice_assistant.exe:2:0,condition,000002,rpt-sogou-input-mdt,general,activity,rpt-sogou-input-mdt:1,2,3,name:sogou_voice_assistant.exe,remote_host,exact,oth.eve.mdt.qq.com,,,210,b38dade3a1ee724a059cb1857b9b37428875553d5cc369642be3d6c11018da6b
000002:general:rpt-sogou-input-mdt:1:name:sogoucloud.exe:0:0,condition,000002,rpt-sogou-input-mdt,general,activity,rpt-sogou-input-mdt:1,0,3,name:sogoucloud.exe,process_name,equals,sogoucloud.exe,,,210,b38dade3a1ee724a059cb1857b9b37428875553d5cc369642be3d6c11018da6b
000002:general:rpt-sogou-input-mdt:1:name:sogoucloud.exe:1:0,condition,000002,rpt-sogou-input-mdt,general,activity,rpt-sogou-input-mdt:1,1,3,name:sogoucloud.exe,process_path,contains,/sogouwbinput/,,,210,b38dade3a1ee724a059cb1857b9b37428875553d5cc369642be3d6c11018da6b
000002:general:rpt-sogou-input-mdt:1:name:sogoucloud.exe:2:0,condition,000002,rpt-sogou-input-mdt,general,activity,rpt-sogou-input-mdt:1,2,3,name:sogoucloud.exe,remote_host,exact,oth.eve.mdt.qq.com,,,210,b38dade3a1ee724a059cb1857b9b37428875553d5cc369642be3d6c11018da6b
000002:general:rpt-sogou-input-mdt:1:name:sogouexe.exe:0:0,condition,000002,rpt-sogou-input-mdt,general,activity,rpt-sogou-input-mdt:1,0,3,name:sogouexe.exe,process_name,equals,sogouexe.exe,,,210,b38dade3a1ee724a059cb1857b9b37428875553d5cc369642be3d6c11018da6b
000002:general:rpt-sogou-input-mdt:1:name:sogouexe.exe:1:0,condition,000002,rpt-sogou-input-mdt,general,activity,rpt-sogou-input-mdt:1,1,3,name:sogouexe.exe,process_path,contains,/sogouwbinput/,,,210,b38dade3a1ee724a059cb1857b9b37428875553d5cc369642be3d6c11018da6b
000002:general:rpt-sogou-input-mdt:1:name:sogouexe.exe:2:0,condition,000002,rpt-sogou-input-mdt,general,activity,rpt-sogou-input-mdt:1,2,3,name:sogouexe.exe,remote_host,exact,oth.eve.mdt.qq.com,,,210,b38dade3a1ee724a059cb1857b9b37428875553d5cc369642be3d6c11018da6b
000002:general:rpt-sogou-input-mdt:1:name:sogousmartassistant.exe:0:0,condition,000002,rpt-sogou-input-mdt,general,activity,rpt-sogou-input-mdt:1,0,3,name:sogousmartassistant.exe,process_name,equals,sogousmartassistant.exe,,,210,b38dade3a1ee724a059cb1857b9b37428875553d5cc369642be3d6c11018da6b
000002:general:rpt-sogou-input-mdt:1:name:sogousmartassistant.exe:1:0,condition,000002,rpt-sogou-input-mdt,general,activity,rpt-sogou-input-mdt:1,1,3,name:sogousmartassistant.exe,process_path,contains,/sogouwbinput/,,,210,b38dade3a1ee724a059cb1857b9b37428875553d5cc369642be3d6c11018da6b
000002:general:rpt-sogou-input-mdt:1:name:sogousmartassistant.exe:2:0,condition,000002,rpt-sogou-input-mdt,general,activity,rpt-sogou-input-mdt:1,2,3,name:sogousmartassistant.exe,remote_host,exact,oth.eve.mdt.qq.com,,,210,b38dade3a1ee724a059cb1857b9b37428875553d5cc369642be3d6c11018da6b
000002:general:rpt-sogou-input-mdt:1:name:usernetschedule.exe:0:0,condition,000002,rpt-sogou-input-mdt,general,activity,rpt-sogou-input-mdt:1,0,3,name:usernetschedule.exe,process_name,equals,usernetschedule.exe,,,210,b38dade3a1ee724a059cb1857b9b37428875553d5cc369642be3d6c11018da6b
000002:general:rpt-sogou-input-mdt:1:name:usernetschedule.exe:1:0,condition,000002,rpt-sogou-input-mdt,general,activity,rpt-sogou-input-mdt:1,1,3,name:usernetschedule.exe,process_path,contains,/sogouwbinput/,,,210,b38dade3a1ee724a059cb1857b9b37428875553d5cc369642be3d6c11018da6b
000002:general:rpt-sogou-input-mdt:1:name:usernetschedule.exe:2:0,condition,000002,rpt-sogou-input-mdt,general,activity,rpt-sogou-input-mdt:1,2,3,name:usernetschedule.exe,remote_host,exact,oth.eve.mdt.qq.com,,,210,b38dade3a1ee724a059cb1857b9b37428875553d5cc369642be3d6c11018da6b
000002:general:rpt-sogou-input-mdt:1:name:wbcrashrpt.exe:0:0,condition,000002,rpt-sogou-input-mdt,general,activity,rpt-sogou-input-mdt:1,0,3,name:wbcrashrpt.exe,process_name,equals,wbcrashrpt.exe,,,210,b38dade3a1ee724a059cb1857b9b37428875553d5cc369642be3d6c11018da6b
000002:general:rpt-sogou-input-mdt:1:name:wbcrashrpt.exe:1:0,condition,000002,rpt-sogou-input-mdt,general,activity,rpt-sogou-input-mdt:1,1,3,name:wbcrashrpt.exe,process_path,contains,/sogouwbinput/,,,210,b38dade3a1ee724a059cb1857b9b37428875553d5cc369642be3d6c11018da6b
000002:general:rpt-sogou-input-mdt:1:name:wbcrashrpt.exe:2:0,condition,000002,rpt-sogou-input-mdt,general,activity,rpt-sogou-input-mdt:1,2,3,name:wbcrashrpt.exe,remote_host,exact,oth.eve.mdt.qq.com,,,210,b38dade3a1ee724a059cb1857b9b37428875553d5cc369642be3d6c11018da6b
000002:general:rpt-sogou-input-mdt:1:name:wbusernetschedule.exe:0:0,condition,000002,rpt-sogou-input-mdt,general,activity,rpt-sogou-input-mdt:1,0,3,name:wbusernetschedule.exe,process_name,equals,wbusernetschedule.exe,,,210,b38dade3a1ee724a059cb1857b9b37428875553d5cc369642be3d6c11018da6b
000002:general:rpt-sogou-input-mdt:1:name:wbusernetschedule.exe:1:0,condition,000002,rpt-sogou-input-mdt,general,activity,rpt-sogou-input-mdt:1,1,3,name:wbusernetschedule.exe,process_path,contains,/sogouwbinput/,,,210,b38dade3a1ee724a059cb1857b9b37428875553d5cc369642be3d6c11018da6b
000002:general:rpt-sogou-input-mdt:1:name:wbusernetschedule.exe:2:0,condition,000002,rpt-sogou-input-mdt,general,activity,rpt-sogou-input-mdt:1,2,3,name:wbusernetschedule.exe,remote_host,exact,oth.eve.mdt.qq.com,,,210,b38dade3a1ee724a059cb1857b9b37428875553d5cc369642be3d6c11018da6b
000002:general:rpt-sogou-input-mdt:1:name:write_spirit.exe:0:0,condition,000002,rpt-sogou-input-mdt,general,activity,rpt-sogou-input-mdt:1,0,3,name:write_spirit.exe,process_name,equals,write_spirit.exe,,,210,b38dade3a1ee724a059cb1857b9b37428875553d5cc369642be3d6c11018da6b
000002:general:rpt-sogou-input-mdt:1:name:write_spirit.exe:1:0,condition,000002,rpt-sogou-input-mdt,general,activity,rpt-sogou-input-mdt:1,1,3,name:write_spirit.exe,process_path,contains,/sogouwbinput/,,,210,b38dade3a1ee724a059cb1857b9b37428875553d5cc369642be3d6c11018da6b
000002:general:rpt-sogou-input-mdt:1:name:write_spirit.exe:2:0,condition,000002,rpt-sogou-input-mdt,general,activity,rpt-sogou-input-mdt:1,2,3,name:write_spirit.exe,remote_host,exact,oth.eve.mdt.qq.com,,,210,b38dade3a1ee724a059cb1857b9b37428875553d5cc369642be3d6c11018da6b
000002:general:rpt-sogou-input-mdt:1:name:wubiup.exe:0:0,condition,000002,rpt-sogou-input-mdt,general,activity,rpt-sogou-input-mdt:1,0,3,name:wubiup.exe,process_name,equals,wubiup.exe,,,210,b38dade3a1ee724a059cb1857b9b37428875553d5cc369642be3d6c11018da6b
000002:general:rpt-sogou-input-mdt:1:name:wubiup.exe:1:0,condition,000002,rpt-sogou-input-mdt,general,activity,rpt-sogou-input-mdt:1,1,3,name:wubiup.exe,process_path,contains,/sogouwbinput/,,,210,b38dade3a1ee724a059cb1857b9b37428875553d5cc369642be3d6c11018da6b
000002:general:rpt-sogou-input-mdt:1:name:wubiup.exe:2:0,condition,000002,rpt-sogou-input-mdt,general,activity,rpt-sogou-input-mdt:1,2,3,name:wubiup.exe,remote_host,exact,oth.eve.mdt.qq.com,,,210,b38dade3a1ee724a059cb1857b9b37428875553d5cc369642be3d6c11018da6b
000002:general:rpt-yuanbao-mdt:0:name:yuanbao.exe:0:0,condition,000002,rpt-yuanbao-mdt,general,activity,rpt-yuanbao-mdt:0,0,3,name:yuanbao.exe,process_name,equals,yuanbao.exe,,,210,b38dade3a1ee724a059cb1857b9b37428875553d5cc369642be3d6c11018da6b
000002:general:rpt-yuanbao-mdt:0:name:yuanbao.exe:1:0,condition,000002,rpt-yuanbao-mdt,general,activity,rpt-yuanbao-mdt:0,1,3,name:yuanbao.exe,process_path,contains,/yuanbao/,,,210,b38dade3a1ee724a059cb1857b9b37428875553d5cc369642be3d6c11018da6b
000002:general:rpt-yuanbao-mdt:0:name:yuanbao.exe:2:0,condition,000002,rpt-yuanbao-mdt,general,activity,rpt-yuanbao-mdt:0,2,3,name:yuanbao.exe,remote_host,exact,oth.eve.mdt.qq.com,,,210,b38dade3a1ee724a059cb1857b9b37428875553d5cc369642be3d6c11018da6b
000002:manifest,manifest,000002,,,,,,,,,,,,,210,b38dade3a1ee724a059cb1857b9b37428875553d5cc369642be3d6c11018da6b
